Method,Time,Cost,Constraint
Baseline (TRF),0.5316810607910156,1222182.8645889768,Yes
Linearized LS,0.030875205993652344,1331855.3886690754,Yes
Poisson GLM (Sklearn),1.87795090675354,1222481.221942334,No (Unconstrained)
Poisson + Bounds (L-BFGS-B),0.2659029960632324,1222481.88660245,Yes
